4	1-Amino-2-propanol	C3H9NO	75.11	HXKKHQJGJAFBHI-UHFFFAOYSA-N	CC(CN)O	1	0
126	4-Hydroxybenzaldehyde	C7H6O2	122.12	RGHHSNMVTDWUBI-UHFFFAOYSA-N	C1=CC(=CC=C1C=O)O	0	1
176	Acetic Acid	C2H4O2	60.05	QTBSBXVTEAMEQO-UHFFFAOYSA-N	CC(=O)O	1	1
179	Acetoin	C4H8O2	88.11	ROWKJAVDOGWPAT-UHFFFAOYSA-N	CC(C(=O)C)O	1	0
196	Adipic Acid	C6H10O4	146.14	WNLRTRBMVRJNCN-UHFFFAOYSA-N	C(CCC(=O)O)CC(=O)O	1	1
240	Benzaldehyde	C7H6O	106.12	HUMNYLRZRPPJDN-UHFFFAOYSA-N	C1=CC=C(C=C1)C=O	1	1
243	Benzoic Acid	C7H6O2	122.12	WPYMKLBDIGXBTP-UHFFFAOYSA-N	C1=CC=C(C=C1)C(=O)O	1	1
244	Benzyl Alcohol	C7H8O	108.14	WVDDGKGOMKODPV-UHFFFAOYSA-N	C1=CC=C(C=C1)CO	1	1
261	Butanal	C4H8O	72.11	ZTQSAGDEMFDKMZ-UHFFFAOYSA-N	CCCC=O	1	1
263	1-Butanol	C4H10O	74.12	LRHPLDYGYMQRHN-UHFFFAOYSA-N	CCCCO	1	1
264	Butyric Acid	C4H8O2	88.11	FERIUCNNQQJTOY-UHFFFAOYSA-N	CCCC(=O)O	1	1
325	Cuminol	C10H14O	150.22	OIGWAXDAPKFNCQ-UHFFFAOYSA-N	CC(C)C1=CC=C(C=C1)CO	0	1
326	Cuminaldehyde	C10H12O	148.20	WTWBUQJHJGUZCY-UHFFFAOYSA-N	CC(C)C1=CC=C(C=C1)C=O	0	1
335	O-Cresol	C7H8O	108.14	QWVGKYWNOKOFNN-UHFFFAOYSA-N	CC1=CC=CC=C1O	1	0
338	Salicylic Acid	C7H6O3	138.12	YGSDEFSMJLZEOE-UHFFFAOYSA-N	C1=CC=C(C(=C1)C(=O)O)O	1	0
342	M-Cresol	C7H8O	108.14	RLSSMJSEOOYNOY-UHFFFAOYSA-N	CC1=CC(=CC=C1)O	1	0
379	Octanoic Acid	C8H16O2	144.21	WWZKQHOCKIZLMA-UHFFFAOYSA-N	CCCCCCCC(=O)O	1	1
460	Guaiacol	C7H8O2	124.14	LHGVFZTZFXWLCP-UHFFFAOYSA-N	COC1=CC=CC=C1O	1	1
612	Lactic Acid	C3H6O3	90.08	JVTAAEKCZFNVCJ-UHFFFAOYSA-N	CC(C(=O)O)O	1	0
650	Butanedione	C4H6O2	86.09	QSJXEFYPDANLFS-UHFFFAOYSA-N	CC(=O)C(=O)C	1	1
660	Dihydrocoumarin	C9H8O2	148.16	VMUXSMXIQBNMGZ-UHFFFAOYSA-N	C1CC(=O)OC2=CC=CC=C21	1	1
670	Dihydroxyacetone	C3H6O3	90.08	RXKJFZQQPQGTFL-UHFFFAOYSA-N	C(C(=O)CO)O	1	0
679	Dimethyl Sulfoxide	C2H6OS	78.14	IAZDPXIOMUYVGZ-UHFFFAOYSA-N	CS(=O)C	1	1
753	Glycerol	C3H8O3	92.09	PEDCQBHIVMGVHV-UHFFFAOYSA-N	C(C(CO)O)O	1	1
798	Indole	C8H7N	117.15	SIKJAQJRHWYJAI-UHFFFAOYSA-N	C1=CC=C2C(=C1)C=CN2	1	0
880	Methylglyoxal	C3H4O2	72.06	AIJULSRZWUXGPQ-UHFFFAOYSA-N	CC(=O)C=O	1	0
957	1-Octanol	C8H18O	130.23	KBPLFHHGFOOTCA-UHFFFAOYSA-N	CCCCCCCCO	1	1
985	Palmitic Acid	C16H32O2	256.42	IPCSVZSSVZVIGE-UHFFFAOYSA-N	CCCCCCCCCCCCCCCC(=O)O	1	0
996	Phenol	C6H6O	94.11	ISWSIDIOOBJBQZ-UHFFFAOYSA-N	C1=CC=C(C=C1)O	1	0
999	Phenylacetic Acid	C8H8O2	136.15	WLJVXDMOQOGPHL-UHFFFAOYSA-N	C1=CC=C(C=C1)CC(=O)O	1	0
1001	Phenethylamine	C8H11N	121.18	BHHGXPLMPWCGHP-UHFFFAOYSA-N	C1=CC=C(C=C1)CCN	1	1
1030	Propylene Glycol	C3H8O2	76.09	DNIAPMSPPWPWGF-UHFFFAOYSA-N	CC(CO)O	1	1
1031	1-Propanol	C3H8O	60.10	BDERNNFJNOPAEC-UHFFFAOYSA-N	CCCO	1	1
1032	Propionic Acid	C3H6O2	74.08	XBDQKXXYIPTUBI-UHFFFAOYSA-N	CCC(=O)O	1	1
1049	Pyridine	C5H5N	79.10	JUJWROOIHBZHMG-UHFFFAOYSA-N	C1=CC=NC=C1	1	1
1060	Pyruvic Acid	C3H4O3	88.06	LCTONWCANYUPML-UHFFFAOYSA-N	CC(=O)C(=O)O	0	1
1068	Dimethyl Sulfide	C2H6S	62.14	QMMFVYPAHWMCMS-UHFFFAOYSA-N	CSC	1	1
1110	Succinic Acid	C4H6O4	118.09	KDYFGRWQOYBRFD-UHFFFAOYSA-N	C(CC(=O)O)C(=O)O	1	1
1123	Taurine	C2H7NO3S	125.15	XOAAWQZATWQOTB-UHFFFAOYSA-N	C(CS(=O)(=O)O)N	1	0
1136	4-Methyl-5-(2-hydroxyethyl)thiazole	C6H9NOS	143.21	BKAWJIRCKVUVED-UHFFFAOYSA-N	CC1=C(SC=N1)CCO	0	1
1183	Vanillin	C8H8O3	152.15	MWOOGOJBHIARFG-UHFFFAOYSA-N	COC1=C(C=CC(=C1)C=O)O	1	1
1254	Menthol	C10H20O	156.26	NOOLISFMXDJSKH-UHFFFAOYSA-N	CC1CCC(C(C1)O)C(C)C	1	0
1567	2-Mercaptoethanol	C2H6OS	78.14	DGVVWUTYPXICAM-UHFFFAOYSA-N	C(CS)O	1	0
2345	Benzyl Benzoate	C14H12O2	212.24	SESFRYSPDFLNCH-UHFFFAOYSA-N	C1=CC=C(C=C1)COC(=O)C2=CC=CC=C2	1	1
2346	Benzyl Isothiocyanate	C8H7NS	149.21	MDKCFLQDBWCQCV-UHFFFAOYSA-N	C1=CC=C(C=C1)CN=C=S	0	1
2519	Caffeine	C8H10N4O2	194.19	RYYVLZVUVIJVGH-UHFFFAOYSA-N	CN1C=NC2=C1C(=O)N(C(=O)N2C)C	1	0
2537	Camphor	C10H16O	152.23	DSSYKIVIOFKYAU-UHFFFAOYSA-N	CC1(C2CCC1(C(=O)C2)C)C	1	1
2682	Cetyl Alcohol	C16H34O	242.44	BXWNKGSJHAJOGX-UHFFFAOYSA-N	CCCCCCCCCCCCCCCCO	1	1
2758	1,8-Cineole	C10H18O	154.25	WEEGYLXZBRQIMU-UHFFFAOYSA-N	CC1(C2CCC(O1)(CC2)C)C	1	1
2879	P-Cresol	C7H8O	108.14	IWDCLRJOBJJRNH-UHFFFAOYSA-N	CC1=CC=C(C=C1)O	1	1
2969	Decanoic Acid	C10H20O2	172.26	GHVNFZFCNZKVNT-UHFFFAOYSA-N	CCCCCCCCCC(=O)O	1	1
3102	Benzophenone	C13H10O	182.22	RWCCWEUUXYIKHB-UHFFFAOYSA-N	C1=CC=C(C=C1)C(=O)C2=CC=CC=C2	1	1
3314	Eugenol	C10H12O2	164.20	RRAFCDWBNXTKKO-UHFFFAOYSA-N	COC1=C(C=CC(=C1)CC=C)O	1	1
3776	Isopropanol	C3H8O	60.10	KFZMGEQAYNKOFK-UHFFFAOYSA-N	CC(C)O	1	1
3893	Lauric Acid	C12H24O2	200.32	POULHZVOKOAJMA-UHFFFAOYSA-N	CCCCCCCCCCCC(=O)O	1	1
4133	Methyl Salicylate	C8H8O3	152.15	OSWPMRLSEDHDFF-UHFFFAOYSA-N	COC(=O)C1=CC=CC=C1O	1	1
4837	Piperazine	C4H10N2	86.14	GLUUGHFHXGJENI-UHFFFAOYSA-N	C1CNCCN1	1	0
5054	Resorcinol	C6H6O2	110.11	GHMLBKRAJCXXBS-UHFFFAOYSA-N	C1=CC(=CC(=C1)O)O	1	0
5281	Stearic Acid	C18H36O2	284.5	QIQXTHQIDYTFRH-UHFFFAOYSA-N	CCCCCCCCCCCCCCCCCC(=O)O	1	0
5610	Tyramine	C8H11NO	137.18	DZGWFCGJZKJUFP-UHFFFAOYSA-N	C1=CC(=CC=C1CCN)O	0	1
5971	Allyl Isothiocyanate	C4H5NS	99.16	ZOJBYZNEUISWFT-UHFFFAOYSA-N	C=CCN=C=S	1	0
6054	2-Phenylethanol	C8H10O	122.16	WRMNZCZEMHIOCP-UHFFFAOYSA-N	C1=CC=C(C=C1)CCO	1	1
6184	Hexanal	C6H12O	100.16	JARKCYVAAOWBJS-UHFFFAOYSA-N	CCCCCC=O	1	1
6276	1-Pentanol	C5H12O	88.15	AMQJEAYHLZJPGS-UHFFFAOYSA-N	CCCCCO	1	1
6343	Ethanethiol	C2H6S	62.14	DNJIEGIFACGWOD-UHFFFAOYSA-N	CCS	1	0
6364	2-Propanethiol	C3H8S	76.16	KJRCEJOSASVSRA-UHFFFAOYSA-N	CC(C)S	1	0
6448	Acetic acid 1,7,7-trimethyl-bicyclo(2.2.1)hept-2-yl ester	C12H20O2	196.29	KGEKLUUHTZCSIP-UHFFFAOYSA-N	CC(=O)OC1CC2CCC1(C2(C)C)C	0	1
6501	Ethyl 3-methyl-3-phenylglycidate	C12H14O3	206.24	LQKRYVGRPXFFAV-UHFFFAOYSA-N	CCOC(=O)C1C(O1)(C)C2=CC=CC=C2	1	1
6514	3-Mercaptopropionic Acid	C3H6O2S	106.15	DKIDEFUBRARXTE-UHFFFAOYSA-N	C(CS)C(=O)O	1	0
6544	Isophorone	C9H14O	138.21	HJOVHMDZYOCNQW-UHFFFAOYSA-N	CC1=CC(=O)CC(C1)(C)C	1	1
6549	Linalool	C10H18O	154.25	CDOSHBSSFJOMGT-UHFFFAOYSA-N	CC(=CCCC(C)(C=C)O)C	1	1
6558	Isobutylamine	C4H11N	73.14	KDSNLYIMUZNERS-UHFFFAOYSA-N	CC(C)CN	1	0
6560	Isobutanol	C4H10O	74.12	ZXEKIIBDNHEJCQ-UHFFFAOYSA-N	CC(C)CO	1	1
6561	Isobutyraldehyde	C4H8O	72.11	AMIMRNSIRUDHCM-UHFFFAOYSA-N	CC(C)C=O	1	1
6569	Methyl Ethyl Ketone	C4H8O	72.11	ZWEHNKRNPOVVGH-UHFFFAOYSA-N	CCC(=O)C	1	1
6584	Methyl Acetate	C3H6O2	74.08	KXKVLQRXCPHEJC-UHFFFAOYSA-N	CC(=O)OC	1	1
6590	Isobutyric Acid	C4H8O2	88.11	KQNPFQTWMSNSAP-UHFFFAOYSA-N	CC(C)C(=O)O	1	1
6616	Camphene	C10H16	136.23	CRPUJAZIXJMDBK-UHFFFAOYSA-N	CC1(C2CCC(C2)C1=C)C	1	0
6654	(+-)-alpha-Pinene	C10H16	136.23	GRWFGVWFFZKLTI-UHFFFAOYSA-N	CC1=CCC2CC1C2(C)C	1	0
6658	Methyl Methacrylate	C5H8O2	100.12	VVQNEPGJFQJSBK-UHFFFAOYSA-N	CC(=C)C(=O)OC	1	1
6736	Skatole	C9H9N	131.17	ZFRKQXVRDFCRJG-UHFFFAOYSA-N	CC1=CNC2=CC=CC=C12	1	0
6826	Methyl N-methylanthranilate	C9H11NO2	165.19	GVOWHGSUZUUUDR-UHFFFAOYSA-N	CNC1=CC=CC=C1C(=O)OC	1	1
6877	Ethyl 2-aminobenzoate	C9H11NO2	165.19	TWLLPUMZVVGILS-UHFFFAOYSA-N	CCOC(=O)C1=CC=CC=C1N	1	0
6943	2-Isopropylphenol	C9H12O	136.19	CRBJBYGJVIBWIY-UHFFFAOYSA-N	CC(C)C1=CC=CC=C1O	0	1
6989	Thymol	C10H14O	150.22	MGSRCZKZVOBKFT-UHFFFAOYSA-N	CC1=CC(=C(C=C1)C(C)C)O	1	1
6998	Salicylaldehyde	C7H6O2	122.12	SMQUZDBALVYZAC-UHFFFAOYSA-N	C1=CC=C(C(=C1)C=O)O	1	1
7017	(1,1'-Biphenyl)-2-ol	C12H10O	170.21	LLEMOWNGBBNAJR-UHFFFAOYSA-N	C1=CC=C(C=C1)C2=CC=CC=C2O	1	0
7059	6-Methylquinoline	C10H9N	143.18	LUYISICIYVKBTA-UHFFFAOYSA-N	CC1=CC2=C(C=C1)N=CC=C2	0	1
7092	6-Methylcoumarin	C10H8O2	160.17	FXFYOPQLGGEACP-UHFFFAOYSA-N	CC1=CC2=C(C=C1)OC(=O)C=C2	1	1
7095	Biphenyl	C12H10	154.21	ZUOUZKKEUPVFJK-UHFFFAOYSA-N	C1=CC=C(C=C1)C2=CC=CC=C2	1	1
