176	Pungent | Sour, vinegar-like odor
196	Odorless
240	Characteristic odor or volatile oil of almond | Odor resembling oil of bitter almond
243	Odorless or with a slight benzaldehyde odor | FAINT, PLEASANT ODOR
244	Faint aromatic odor
261	Characteristic, pungent, aldehyde odor
263	HARSH FUSEL ODOR WITH BANANA | Odor similar to amyl alcohol | Rancid, sweet | Strong characteristic, mildly alcoholic odor
264	Unpleasant, rancid odor | Penetrating and obnoxious odor
379	FAINT, FRUITY-ACID ODOR | UNPLEASANT AND IRRITATING ODOR | Slight odor
460	Aromatic odor | CHARACTERISTIC SWEET ODOR, SLIGHTLY PHENOLIC
650	Quinone odor; vapors have a chlorine-like odor | Very strong buttery odor in dilute solution | Strong odor
660	Herbal | Odor similar to coumarin at room temp or reminiscent of nitrobenzene at higher temp. | Coconut odor | Hay-like
679	Slightly sulfurous odor | Distinctive garlic or oyster-like odor
753	MILD ODOR | Odorless
957	Fresh orange rose odor | Penetrating aromatic odor
1001	Fishy odor
1030	Practically odorless
1031	Similar to ethanol | Odor perception threshold: <0.07-100 mg/cu-m; odor recognition threshold: 0.32-150 mg/cu m
1032	Slightly pungent disagreeable, rancid odor
1049	Sharp, nauseating | Burnt, sickening | Nauseating fish-like odor.
1068	UNPLEASANT ODOR OF WILD RADISH, CABBAGE-LIKE
1110	Odorless
1183	Sweetish smell | Pleasant aromatic vanilla odor
2345	Light, balsamic odor reminiscent of almond | Faint, pleasant, aromatic odor
2537	Fragrant and penetrating odor | Penetrating aromatic odor
2682	Faint odor | ODORLESS
2758	Camphor-like odor
2879	Phenolic odor | Sweet, tarry odor
2969	Rancid odor | Unpleasant odor
3102	Geranium-like odor | Sweet, rose-like odor
3314	Odor of cloves | Warm, spicy, floral
3776	Pleasant odor | Slight odor resembling that of a mixture of ethanol and acetone | Odor of rubbing alcohol
3893	Characteristic, like oil of bay
4133	LIQUID HAVING THE CHARACTERISTIC ODOR OF WINTERGREEN
6054	CHARACTERISTIC ROSE-LIKE ODOR | Pure PEA has an extremely mild roselike odor. >99% pure vary in odor because of the impurities present.
6184	Characteristic fruity odor (on dilution) | Strong, green grass odor | Sharp, aldehyde odor
6276	CHARACTERISTIC FUSEL-LIKE ODOR | Mild odor
6501	ON DILUTION, STRONG FRUITY ODOR | FRUITY, BERRY AROMA
6544	Peppermint-like odor | Camphor-like
6549	Odor similar to that of bergamot oil and French lavender | Typical floral odor free from camphoraceous and terpenic notes | Floral, spicy, wood odor | Flowery-fresh odor and reminiscent of Lily of the Valley
6560	Sweet, musty odor | Odor like that of amyl alcohol, but weaker | Penetrating, wine-like, disagreeable odor | Suffocating odor of fusel oil
6561	EXTREMELY SHARP | Pungent odor
6569	Acetone-like odor | Sweet, pleasant, pungent | Moderately sharp, fragrant, mint- or acetone-like odor
6584	Pleasant odor | Fragrant, fruity odor
6590	Pungent odor like that of butyric acid, but not as unpleasant | SHARP, BUTTER-FAT-LIKE ODOR
6658	Characteristic quality: sulfur-like, sweet, sharp; hedonic tone: unpleasant | Acrid, fruity odor
6826	ORANGE & MANDARIN-PEEL-LIKE ODOR
6989	Odor of thyme | A spicy-herbal, slightly medicinal odor reminiscent of thyme | Aromatic odor
6998	Bitter, almond-like odor | Pungent, irritating odor similar to benzenaldehyde, acetophenone, and nitrobenzene, but with phenolic notes
7092	Somewhat dry, herbaceous (tonka-like) odor; also characterized as a delicate fig or date sweetness. | Coconut odor
7095	Pleasant, peculiar odor | Pleasant, characteristic odor. | Pleasant, butter-like
7150	Fragrant odor | FRUITY ODOR, ALSO SIMILAR TO CANANGA | MEDICINAL ODOR
7302	Pleasant odor | Faint odor
7360	Mild odor | Odorless
7361	Faint burning odor
7409	MILD FLORAL ODOR | MILD HYACINTH-GARDENIA ODOR | Weak, bitter, almond-like odor
7410	Sweet pungent odor | Sweet, pungent and strong medicinal odor | Sweet almond-like smell
7463	Sweetish aromatic odor | Mild pleasant odor | When pure, has a weak citrus odor
7476	Pleasant odor | Hawthorn odor | Similar to that of p-methylacetopheneone, suggestive of hawthorn and floral note of heliotrope
7519	SWEET ANISE-LIKE ODOR | Agreeable aromatic odor | Spicy-sweet
7559	Honey, jasmine odor
7583	Geranium-like odor
7657	FAINT, ALMOND ODOR | VERY SLIGHT ODOR OF BENZALDEHYDE
7720	Mild, oily, sweet, slightly floral odor reminiscent of rose | Intense and unpleasant
7731	STRONG FLORAL ODOR | PUNGENT ODOR SUGGESTIVE OF YLANG-YLANG | SHARP, FRUITY SWEET ODOR
7749	REMINISCENT OF RUM & PINEAPPLE | Fruity odor | Odor of pineapple | Butter- or rum-like
7761	Sweet ester odor | Slightly aromatic, pleasant odor | Aroma of ripe fruit, peach, cut grass
7762	Pineapple odor
7765	PUNGENT, GREEN, WOODY SOLVENT ODOR
7768	Unpleasant odor
7820	PLEASANT, ETHEREAL, WINEY ODOR
7915	Aromatic | Fruity odor. | Quality: sweet, ester; hedonic tone: pleasant to unpleasant | Pleasant-odored
7937	Odor of pyridine plus peppermint
7967	ODOR REMINISCENT OF PEPPERMINT & ACETONE | Peppermint- or acetone-like odor.
7969	Repulsive, penetrating, garlic-like odor, especially when impure
7991	UNPLEASANT ODOR, SIMILAR TO BUTYRIC ACID | Unpleasant odor | Penetrating odor
7997	Pleasant odor | Odor of pears | Mild, fruity odor
8007	Amine odor | Fishy, ammonia-like odor.
8025	Fruity odor.
8038	Fruit-like odor | Fruity, floral odor | FRUITY (CURRANT-PEAR), FLORAL (HYACINTH-ROSE) ODOR | SOLVENTY NAIL POLISH-LIKE ODOR
8042	Practically odorless
8051	Penetrating fruity odor | CHARACTERISTIC BANANA, SLIGHTLY SPICY ODOR | Banana-like fruity odor
8063	POWERFUL, ACRID, PUNGENT ODOR | Strong, acrid, pungent odor
8082	AMINE-LIKE ODOR | HEAVY, SWEET, FLORAL, ANIMAL ODOR | Odor of pepper
8091	POWERFUL, WINEY, FRUITY, AND ORANGE-LIKE ODOR
8093	FATTY, GREEN CHEESE AROMA | FLORAL, BITTER, FRUITY (UNRIPE APPLE) | Pleasant
8094	Disagreeable, rancid odor; faint tallow-like odor when spectroscopically pure.
8103	Characteristic; sweet alcohol; pleasant
8129	Fragrant | FAINT, AROMATIC, FATTY
8163	Strong odor
8174	Sweet odor | Floral, fruity odor | RESEMBLE ORANGE FLOWERS
8175	Floral-fatty odor | Citrus odor | Similar to that of an orange peel | Penetrating, sweet, waxy, floral, citrus, pronounced fatty odor that develops a floral character on dilution
8184	Citrus
8193	CHARACTERISTIC FATTY ODOR; UNPLEASANT AT HIGH CONCN BUT DELICATE & FLORAL ON DILUTION | Fatty repulsive odor
8294	floral-fruity odor, reminiscent of bergamot and it also has some pear character | Bergamot-lavender odor | Sweet, floral-fruity odor recalling Bergamot and Pear.
8363	Faint sweet odor
8438	Heliotrope odor | Floral odor | Sweet, flowery odor reminiscent of heliotrope | Sweet-floral, slightly spicey, heliotrope-like odor
8452	DISTINCTIVE ETHEREAL ODOR, SOMEWHAT LIKE PEPPERMINT
8456	Faint characteristic odor
8467	Finer and more intense vanilla | Resembles that of vanillin but approximately 3 times as strong.
8635	Grape-like odor | Orange blossom odor
8785	PEAR-LIKE ODOR | CHARACTERISTIC FLOWERY (JASMINE) ODOR | Powerful but thin, sweet floral fresh, fresh and light, fruity odor reminiscent of Jasmin, Gardenia, Muguet, Lily and other flowers.
8815	Odor reminiscent of anise with a corresponding sweet taste (differing from anethole)
8857	CHARACTERISTIC ETHER-LIKE ODOR REMINISCENT OF PINEAPPLE. | Fragrant odor | Ether-like, fruity odor | Fruity with a brandy note
8892	Characteristic goat-like odor
8908	Sweet-fruity, pearl-like odor | Sweet ester odor
8914	Floral odor | Odor of citronella oil
9016	SWEET CLOVER ODOR | SWEET, NUT-LIKE AROMA
9609	Garlic-like odor | Ethereal odor
9862	POWERFUL, FATTY, GREEN, CITRUS ODOR
10364	THYMOL ODOR | MEDICINAL SMOKE ODOR
10430	DISAGREEABLE, RANCID-CHEESE ODOR
11124	SWEET, FRUITY, RUM-LIKE ODOR
11419	Acetone-like odor | Odor: characteristic: quality: peppermintlike | Weak, peppermint-like odor.
11617	Garlic odor
12180	APPLE-LIKE ODOR
12748	GREEN, NUTTY ODOR
18635	Powerful, onion, meat-like odor | Cooked potato | Extremely foul and persistent odor
21648	Sweet fruity, warm odor resembling raspberry preserve
31209	Jasmine-like odor
31225	Flower fruit odor
31234	Floral odor | Blossomy-balsamic odor, slightly reminiscent of hyacinths | Sweet, hyacinth-mignonette odor
31244	Hawthorn odor | Odor resembles that of coumarin | Sweet powdery, spicy creamy, fruity, vanilla and hay-like. Coumarin, almond, anisic with berry nuances.
31246	Pleasant odor
31260	CHARACTERISTIC, DISAGREEABLE ODOR | Disagreeable odor.
31268	Unpleasant, ammoniacal odor
31272	Strong fruity odor | Sweet | Fruity odor
31276	Pear-like odor | Fruity, banana, sweet, fragrant, powerful odor | At room temperature, the low molecular-weight ester isoamyl acetate (IAA) is a liquid with an intense, but pleasant banana-like odor.
31404	Very faint, musty, occasional cresylic-type odor
145742	Odorless
246728	Mild fruity odor
440917	Citrus odor
444972	Odorless
637563	ANISE OIL ODOR
637566	Sweet rose odor | Pleasant geranium-like odor | Pleasant, floral odor
638014	Warm woody, dry, and fruity odor | Odor reminiscent of cedar wood; violet-like upon dilution
643820	Sweet rose | The odor of pure nerol is sweet, rosy refreshing and "wet" seashore
853433	Spice-clove odor
1549026	Odor of lavender | Sweet, fruity-floral, rosy, somewhat green and remotely Lavender-like odor of moderate tenacity. | Sweet, fragrant odor
5281167	Powerful grassy-green odor | Strong odor resembling that of isoamyl alcohol, approaching the odor of green leaves when highly dilute | Characteristic odor of freshly cut grass
5315892	ODOR OF HYACINTH | PLEASANT, FLORAL ODOR
